pIC50,maxaasN,ATS5m,ATS5v,ATS6e,ATS6p,ATS6i,ATS4s,AATS6m,AATS5v,AATS5e,AATS6p,AATS5i,AATS5s,ATSC8c,ATSC5m,ATSC4v,ATSC5e,ATSC6p,ATSC8i,ATSC3s,AATSC8c,AATSC4m,AATSC4v,AATSC3e,AATSC4p,AATSC2i,AATSC5s,MATS8c,MATS4m,MATS4v,MATS5e,MATS4p,MATS8i,MATS5s,GATS5c,GATS5m,GATS4v,GATS5e,GATS5p,GATS6i,GATS5s,VR3_DzZ,VR3_Dzm,VR3_Dzv,VE2_Dze,VR3_Dzp,VE2_Dzi,VR3_Dzs,SpMax6_Bhm,SpMax4_Bhv,SpMax4_Bhe,SpMax4_Bhp,SpMax4_Bhi,SpMax5_Bhs,SP-2,ASP-3,VP-0,AVP-7,SsOH,nHdsCH,nsOH,SHdsCH,minHBint10,minsF,maxHBint10,maxsF,ETA_EtaP_F,IC0,TIC0,SIC3,CIC3,BIC3,MIC5,ZMIC5,khs.aasN,MDEC-34,MDEO-12,MDEN-23,MLFER_A,MPC4,piPC2,nF12Ring,GGI3,JGI3,MWC10,SRW10,WTPT-4
5.507239611,0.0,3191.774767,8430.949297573334,276.22305000000006,57.260269121094026,5612.332861383055,127.53703703703704,79.82914480555559,175.6447770327778,7.341777041666664,1.5905630311415009,156.62291299775887,2.335905349794239,0.029676667,394.5815816584364,-268.0947236,0.2698230370370348,0.3933323607533306,-7.362369359,-3.675134211,0.001413175,5.855449227225055,-5.256759285,0.00268814,-0.009672367,-0.066763123,0.1959561656420938,0.144252938901139,0.08118045,-0.093530546,0.1103962287069809,-0.022785822,-0.207168479,0.1474691020722879,0.6470468875629446,0.8448983202641186,1.0473908993439245,0.583701552,0.8922770014405085,0.9745787522219952,0.5056871224383157,7.562945744397567,7.563156562461308,7.327997794207277,0.006181076,7.365730253321664,0.004022437,7.692044317,2.619181913839716,2.860853706723162,2.9482529715139734,2.9644937328460945,2.988143353691074,2.877775441284617,6.844641672699636,0.1951346317911853,10.45159616038172,0.0135293239447664,0.0,1,0,0.4603583501301755,0.0,0.0,0.0,0.0,0.71252,1.6780986942499818,45.30866474474951,0.9162274256613736,0.3983291667467945,0.8563322173270101,42.714568872201056,24.850683808075186,0,0.0,0.0,0.0,0.6050000000000001,34,3.701301974112493,0,1.166666666666667,0.058333333,11.138072002727451,9.43388384331172,2.5306538277452946
5.576918042,0.0,5467.541446000002,22951.38095798141,1023.3857160000024,157.44133441578933,23698.00177,302.074074074074,31.77892926896564,157.20123943822887,7.201584616438355,1.0858023063157884,154.71620082234014,2.039299002198545,-0.054429587,-1841.636723,-1737.463047,-0.41868713,5.469093075821748,23.763247519418933,0.7649888601988558,-0.00068,-11.28519523,-12.32243296,-0.001367657,-0.056972736,0.1460663249191888,-0.046772175,-0.12018305,-0.261500534,-0.221044758,-0.164090596,-0.19270478,0.1933469406058282,-0.214417948,0.855434881,1.2695925193225326,1.19181791,0.8839737488369787,1.2991991754232448,0.8095673840020435,1.273837087354956,13.649974714960468,13.650008424310975,13.836794774701383,0.0001249879756827755,13.834519860652575,0.0002884899618151646,14.81040481,3.1155534859012977,3.338541716042462,3.4457891670999032,3.360187700610691,3.4990716439416185,3.192753634106088,11.548961559759729,0.1666291967634302,16.93702499035053,0.0139526108041714,0.0,3,0,1.166029646426472,0.0,0.0,0.0,0.0,0.89377,1.3167718177817032,67.15536270686687,0.8457305096886532,0.875082166,0.7995571959393977,39.16668022056279,24.761685002195293,1,2.136905107283282,0.0,0.0,0.003,85,4.340553386467307,0,4.097222222222219,0.089070048,12.33078715845301,10.401501455574785,0.0
5.244163242,0.0,4111.091646043203,8394.395562,264.8771520000001,44.32384152,4888.9622,232.5648148148148,121.35918968405336,226.87555573736324,8.681232,1.4774613840000002,165.7121563732448,5.445362028695362,-0.099085037,-524.0651415,-33.32648019,-2.820485894,-1.841887554,-36.63899789,-28.8273074,-0.006192815,4.021646457237042,-0.81284098,-0.029898277,0.001096323,1.2395729852999426,-1.092025229,-0.184065264,0.082343661,-0.022534874,-0.345701012,0.003228698,-0.657480212,-0.212039386,0.6956627358286879,1.5141718603052772,1.1580289520613207,1.3287745195843086,1.087500180703966,0.9926635678664532,1.2260450948514774,10.11650186564174,10.138289834477831,10.400990861931136,0.005572857,10.733544023149648,0.005835622,9.972639375672768,2.655236080692396,2.808779912737862,2.997672074794252,2.780739932764475,3.0143055886039285,3.942407352038505,9.321341133265872,0.1743101855249075,9.923068056024,0.00625835,0.0,1,0,0.6187956139245823,0.0,12.828717271848484,0.0,12.828717271848484,0.90442,2.098987989077528,50.37571173786066,0.9636492846690778,0.1666666666666678,0.8836591668108978,52.86145945644824,29.44849687986781,0,1.4335341404317248,0.5019724248795792,0.0,0.886,54,3.9219733362813134,0,2.368055555555555,0.09107906,11.774789604396036,9.925884849978166,11.13551473778563
7.397940009,0.0,20128.372880000126,65963.48471,3610.639840000002,503.5080694820148,76566.2839,1619.1388888888885,47.98550723,140.94761690875535,7.775885982905988,1.0758719433376385,164.48021832185256,3.0171236942070263,0.8603575369031794,-1463.1953,-715.1933651,-7.179505955,3.3820911835059246,-3.635091906,-74.07780265,0.001731102,0.1870652073788441,-1.603572568,-0.009752488,-0.003814566,-0.213396893,-0.294527899,0.071215255,0.004950868,-0.033484827,-0.134059787,-0.017682855,-0.005857162,-0.128244208,1.2113807072608824,1.093229195702367,1.0197593194268415,1.209966034298922,0.9516342361550096,0.9690344534588466,1.163720723894849,46.99787500915236,47.00282127853263,46.27884375951275,0.00528808,53.80100645593433,0.005052415,48.61202158716418,3.5829145359751493,3.623425726,3.740766880767061,3.611113033623661,3.77107046672174,4.423422189637583,28.25781552457393,0.1974226068481663,37.57825242603272,0.011573959,118.1209222029814,14,11,6.593807688206362,0.5853697949960747,0.0,5.100362226860407,0.0,1.04483,1.438888680485807,198.56663790704133,0.8312670440542451,1.199442344004872,0.8185266898846415,46.27281629,31.086543038034677,0,3.1668345496883927,6.101611214161228,0.0,2.172,130,4.709530201312334,0,6.625,0.064320388,12.608476405824543,10.884910379348064,44.79900391267597
5.020451625,0.0,10863.393524999989,21862.50415534592,1065.614896000001,145.5240410875273,20868.83876424603,334.9074074074076,72.04398988188979,180.6818525,8.362389834710749,1.1458585912403725,160.2258648485961,4.445464748495053,0.1601438237202621,759.7679260205537,-514.8662102,3.371899023796644,2.7280923755058204,-22.03476003,-86.25583324,0.001685724,-3.798078838,-5.419644318,-0.047969856,-0.025389655,-0.195716713,0.1987368107338315,0.060620108,-0.071003464,-0.116110199,0.1659028637507148,-0.090051436,-0.174276348,0.064012101,0.9272513277583676,0.9288779183274016,1.1281727184887838,0.8169420415252999,1.2131112308226777,0.8752973585227719,0.8662111824922031,14.231984276545267,14.230374708581394,13.498298448851203,0.0068946,13.517672820633244,0.006764403,14.813592817894635,3.1348753898916777,3.216088875404522,3.4455015391346677,3.182032322904637,3.4486106986661333,3.812192850735377,10.82447408238238,0.1744956647348765,14.337137708959144,0.007723555,0.0,0,0,0.0,0.0,0.0,0.0,0.0,0.79142,1.6461969249994146,70.78646777497482,0.7009616355238176,1.6226613374608685,0.6847677692818681,43.68815850252575,30.033129628665343,0,0.0,4.234751004589467,0.0,0.003,51,3.737669618283368,0,1.6875,0.049632353,11.714502113569244,9.894900791598806,24.59588373446024
5.138465589,0.0,2315.001882,5906.702257869649,167.46219200000007,32.88264088939601,3375.3491921305867,207.29938271604937,67.43745127272723,164.07506271860134,7.815722500000002,1.4946654949725455,163.64131769422198,5.508744855967078,-0.018371516,393.5393331455583,-216.025349,0.4097497032136104,-3.005559386,1.8352505578576277,-5.546168425,-0.001670138,-5.753149263,-4.500528105,-0.011148042,-0.030896905,-0.047315972,0.6969760835062775,-0.139200471,-0.100220519,-0.087462381,0.127324926340925,-0.089241598,0.1024968316743009,0.205921176461938,0.7957832361838887,0.6193757469834643,1.0531227529754377,1.0536143428481757,0.5627659111233936,1.3660249707656995,0.9201102027416084,6.5306346521862215,6.529652728691957,6.234239433193307,0.005390856,6.478022587883176,0.007456349,5.904403086732555,2.392680302958408,2.7340312804221107,2.9220014688846345,2.767033812174872,2.9936052188063216,2.9150858938492683,6.048930265161847,0.204556889845493,7.839801852927544,0.009515986,0.0,2,0,1.2346774087721508,0.0,0.0,0.0,0.0,0.95636,1.7518834359763853,40.29331902745686,0.8966292914777542,0.4676038044418895,0.8186914481187346,37.98869056125655,25.09253300720519,0,0.0,0.0,0.0,0.022,22,3.701301974112493,0,1.0,0.055555556,10.916669032639795,9.356948391612272,4.928800041486002
4.980468315,0.0,15319.44049200001,58704.217522525054,2730.997648000001,401.65286788527817,60462.45174084197,935.4374999999992,37.49639748108101,141.11590750606985,7.333728269,1.0855482915818329,160.82486410623738,2.398470886752138,0.1141925730142548,-388.2483646,-1601.887455,-0.854626008,2.319548201291276,-0.3309558,2.9861685032139413,0.00040783061790805293,-2.380572543,-4.11796261,-0.000577,-0.017886796,0.3427669601150581,-0.078784457,0.0441350379597625,-0.070653305,-0.079018001,-0.035902034,-0.076092483,-0.000875,-0.04206473,0.9076373383320576,1.002658159634635,1.0969708003200995,0.9596791063472396,1.0437979044641943,0.9218800483181124,0.9267369171705924,22.01811619291388,22.01811955267376,22.02250389298149,0.001395199,22.028267261992937,0.001474331,22.88495377,3.2444505036560902,3.3882366828745627,3.507925464,3.3943862579128337,3.5438585028377565,4.033385791037764,18.068557897305496,0.1528660526614145,22.955670876645467,0.0122035234291826,10.488644262410393,2,1,0.7173496945074327,0.0,0.0,0.0,0.0,0.70417,1.3156213743139331,101.30284582217286,0.8024561567902423,1.2379650978240535,0.7785238299235597,38.586317094260295,27.12988533732544,0,14.76948297631897,0.0,0.0,0.591,151,4.442651256490317,0,6.8125,0.075694444,13.310973453283156,11.284656300113475,9.999725156434508
5.97061622,0.0,3014.235861,9959.7268400697,353.81936599999995,59.63547286667807,8009.300303,285.5493827160494,54.47235534693879,138.3295394454125,7.417769416666668,1.2170504666668993,162.5841088,3.653774434156378,-0.127219032,316.0627855000008,275.9892830615257,0.7959582890624991,4.662610847,9.988077300119288,-2.451356739,-0.003347869,3.2459167016129125,2.9676266995862983,-0.005294186,0.00561051,0.1778295903954442,0.4990585645766658,-0.37484415,0.061679722,0.05533077551184,0.1572932853968165,0.0174029582569641,0.1712998592606335,0.1891266264678242,0.7067902543464327,0.6671423987385693,0.9216570363152082,0.726287163,0.7470756309544719,0.7889023589607173,0.651309869,8.183706597506303,8.183398041,8.490715101967327,0.002575944,9.067448520387332,0.001012101,7.499861474910399,2.426232882719514,3.081721410535057,3.247588349339269,3.1212620435855203,3.2568409442627138,3.297655620168493,8.006707378482423,0.193769053,10.339801852927543,0.0108634872370068,0.0,2,0,1.2136993995128915,0.0,0.0,0.0,0.0,0.90675,1.6028413978136884,51.29092473003803,0.7544736717803483,1.2276316410982586,0.7088348981125387,34.48783441999665,29.4265031201322,0,0.9999999999999998,0.0,0.0,0.022,28,3.8394523125933104,0,1.5,0.0625,11.310111362941436,9.715047314733996,4.935744485930447
5.23284413,0.0,8211.127637,22547.16293684653,1074.4507680000013,166.8685982,22048.95033,435.3888888888889,58.17972606666674,174.78420881276375,7.826848434108532,1.2360636901320663,161.63276119720575,4.284237726098191,0.096241209,518.6622519672493,895.9554579526792,1.801682139551428,0.526931424,-3.130495266,-6.563229303,0.0007403169928202426,3.317712348514918,6.445722719084023,0.0101910731847632,0.025492413875616,-0.362024007,0.4644070415966403,8.901829159347745e-05,0.092244675,0.1226906140075417,0.151299403733531,0.090467318,-0.013334718,0.2223570466204177,1.6139101116844403,0.9003004565185663,0.8416331336727391,1.108522904126275,1.2502030636684474,0.9410305039480116,1.06455524318382,15.411759948636536,15.421601461983506,16.45759035471283,0.007080983,16.962428551870122,0.008701896,14.999266887863016,3.0562473605221703,3.3818968837728525,3.534344709171161,3.374241332,3.5832209303321227,3.881295051482328,11.957525847822,0.1974128444998462,15.947767755576168,0.008611864,19.15309159241699,0,2,0.0,0.0,0.0,0.0,0.0,0.96194,1.7126935206047795,90.77275659205333,0.8805432232090974,0.6842389152168016,0.8470801559814012,39.56538926565853,26.90971543699737,0,0.0,0.0,0.0,0.584,52,4.094344562,0,1.625,0.042763158,11.540608723070166,9.890351653142988,9.943355477411458
4.301029996,0.0,2962.829169,8350.842929,312.24905200000006,53.596632944943046,6633.777221193545,208.5555555555556,70.94883315652001,177.67750911805257,7.926732851063828,1.3399158236235762,172.3386967662213,3.2966903073286056,-0.221430212,-236.2970519,-390.9236737,-0.618148444,0.3651898224741972,-9.219097751,-12.97668038,-0.008201119,-3.161258936,-7.375918371,-0.018654776,-0.026125429,-0.153747986,-0.087937425,-0.40901927,-0.092283771,-0.176287281,-0.12921348,-0.129810234,-0.131332359,-0.044689009,1.2811407033487774,1.1513402834960271,1.1239866233360905,0.8320545772703672,0.761203691,0.988821161,0.5730998272064547,8.640507555862557,8.636395647,8.505562842959636,0.0114977310653828,8.562512040354465,0.0123654428243789,8.585595290253789,2.619181913839717,2.7753393133959343,3.0030757144388165,2.743088586643088,3.0906324675343133,3.278113826849342,7.944647311208298,0.1799964390764757,9.183706874646855,0.004294796,0.0,0,0,0.0,0.0,12.79461908453566,0.0,12.79461908453566,0.99782,1.7144116568924308,46.289114736095634,0.9376859502645476,0.2962962962962949,0.8558654609107682,41.94726745768364,23.82200093730417,0,0.0,0.0,0.0,0.528,49,4.038655656361512,0,1.2847222222222223,0.049412393,11.59026606369489,9.799293024,0.0
4.835349784,0.0,31507.51599400007,86087.25451222566,4830.322887999948,690.8948617520123,102023.80226277256,1786.222222222221,54.31082580844242,155.3921561592521,7.901355595667832,1.1215825677792408,166.08429327512272,4.081528279181706,0.7000367534408535,1345.5992868853411,1412.189251011144,9.282976470743987,-1.506426827,-8.294466216,-30.28903377,0.00094344575935425,2.9587010425354565,2.6898842876402744,0.005467728,0.001818947,-0.201292866,0.4595594588631477,0.0432245769302888,0.07940631,0.057725213,0.1692485852100725,0.008899238,-0.00849562,0.187232908732565,1.0262598037778268,0.9660177095319278,0.933514216077166,0.9734444317884916,1.0049535519261803,1.0511115822243873,1.0077127738169045,61.31350641,61.33500976702266,58.74904466856384,0.0136504006210876,61.062949104312544,0.0143386233950659,60.623898212189125,3.6001164914409745,3.6294595249015393,3.779141051026886,3.645404506096208,3.819709437961629,5.152351953984849,32.77924034100128,0.1880255436570461,44.96660875296275,0.0104330432286102,89.38804458422214,0,8,0.0,0.1992672966433176,0.0,6.881746540491863,0.0,1.25419,1.5682889556614503,258.7676776841393,0.848147219,1.118596515335084,0.8357341465696269,46.8921867,34.432013929799155,0,0.0,0.0,2.257030295717221,1.202000000000001,173,4.901564199041894,0,6.847222222222221,0.054343034,12.92019578437204,11.065716062153715,38.17227502397832
4.301029996,0.0,7599.999782000003,24381.996292350075,931.3319160000004,154.90608240782916,19413.734348287377,319.9999999999999,50.86496072357727,193.50790708214345,7.669496063492066,1.2593990439660907,154.41711668396192,2.6684303350970016,-0.030168532,-829.1333307,-1052.845438,-0.435865901,-5.174769279,-13.36497523,3.502252640036734,-0.000377,-5.228223206,-9.400405696,0.003134784,-0.042438701,0.5978885893967762,-0.06742365,-0.022984325,-0.152390225,-0.188920305,-0.039162384,-0.18034114,-0.116440464,-0.130899433,0.915527055563294,1.123646537027618,1.121786558898755,0.8904475317158717,1.1254395834831588,1.118402230727773,0.9965547079394268,15.649615452323426,15.649994615375952,16.240506216319055,0.0002101295188913798,19.76661587710362,0.00033057996199925343,15.18436249050922,2.969908497,3.2264314900880144,3.382553403571978,3.219089185938337,3.429823571912397,3.2693340462614446,11.523433387806683,0.1600719607134838,15.08865860855593,0.00685154,0.0,0,0,0.0,0.0,0.0,0.0,0.0,1.05801,1.4754017117210338,64.91767531572549,0.8542158013086897,0.7958988638330418,0.7944195935981312,42.82193096632186,24.12433252417956,1,0.0,0.0,0.0,0.003,99,4.483002552013883,0,2.256944444444444,0.044253813,12.48560787237118,10.547470749064702,11.82505131561858
5.012333735,0.0,18376.415225930006,23782.81372754548,734.170436,175.89342393909408,14285.238192484409,395.3112367407407,124.59100544752692,230.90110415092695,7.803608427184472,1.891327139130044,154.99280979229803,3.514133525,-0.148450996,2672.1081857264785,89.1225671,-0.226934271,-7.379381303,9.983709639,-5.732954954,-0.001746482,110.98197148914402,0.825208955,-0.008152563,0.1594829148247216,-0.023686397,-0.208927469,-0.129219325,0.1694216961629009,0.0138849606237517,-0.028945477,0.1663103200301273,0.075370066,-0.123203904,1.1188240309386035,0.6370325470174588,0.9077856797446694,1.0668455441990268,0.8093244970392082,0.9494073038296372,1.434007850400348,18.33639469,18.337205105875583,18.05959413086036,0.00013174387032893569,17.069602002812324,0.00039142839375994607,20.31612330197502,3.470915777856955,3.287842658334409,3.3985095888494645,3.7655464504708096,3.4333361072823303,3.7768081907962494,13.23177899736758,0.1828087358818801,21.337540270596875,0.008537671,10.390802871440435,0,1,0.0,0.3092179804987062,0.0,0.3092179804987062,0.0,1.08965,1.836466515936684,80.80452670121409,0.9552280752856434,0.2444292614128071,0.8902388658416808,81.42111291921869,40.72964457626461,0,0.0,0.0,0.0,0.2020000000000001,76,4.424846632,0,2.75,0.053921569,12.095146671399466,10.351213619358802,5.092437295351321
5.132532512,0.0,18332.029961930013,23436.929816787007,713.1337639999998,170.76792417424508,13805.077129359086,401.78634785185193,127.17689609844444,239.1523450692552,7.810888693877557,1.8974213797138344,153.6579198953352,3.596741244646008,-0.145175743,2375.799867147135,428.35421090138186,-0.062965431,-4.448809087,13.213047249818834,-6.7028831,-0.001792293,130.46521495317873,4.118790489436364,-0.008551064,0.203661474242548,-0.02626707,-0.212753525,-0.143302612,0.1960137730951755,0.070699512,-0.008352493,0.2109015625016756,0.1049319410948971,-0.109960252,1.032781776842456,0.6547327428895418,0.8482412841336214,1.0108392869941374,0.837981245,0.9292723724308803,1.3020256586122787,18.336394692409087,18.33720510587559,18.05959413086034,0.00013174387032887462,17.069602002812328,0.0003914283937599572,20.234769699655978,3.470988282415196,3.287843046937368,3.3984773557640486,3.766387182400496,3.4333011705993406,3.7768098733075504,13.23177899736758,0.1828087358818801,20.89032667509692,0.00809545,0.0,0,0,0.0,0.3155791017178915,0.0,0.3155791017178915,0.0,1.08965,1.8399109885194296,79.11617250633547,0.9453352712856576,0.296625290747988,0.8794336000674039,82.11880655413655,42.24765598546831,0,0.0,0.0,0.0,0.011,76,4.424846632,0,2.75,0.053921569,12.095146671399466,10.351213619358802,5.092437295351322
7.26760624,2.234506172839506,11845.513737000016,33676.45402915843,1229.098875999999,249.26712947728248,25448.21742793188,285.1430041152263,61.83745695757576,249.4552150308032,7.536784533333334,1.5107098756198938,147.47628100486756,2.791929583904894,0.0009732118579104128,-316.9920541,576.9002056786579,-0.333002566,-9.465722626,20.496728774680403,-0.9418846,1.3516831359866844e-05,2.5400041040632613,5.197299150258179,0.00013354154518950635,0.0204152828520666,0.0106112841580528,0.0134119466781671,0.002034766,0.053105231,0.097827477,-0.078931317,0.081098311,0.1915381673659544,0.0508598714528369,0.9800198894568088,0.9672880106563568,0.8013822562198245,1.084279303893826,0.9807507458524116,1.10545424286717,0.8529203196249954,15.262524734210212,15.275914868874818,14.78365107725557,0.0005528631276564968,15.156311824160902,0.00017765921401209568,14.228510850334184,2.992874754286704,3.5910103285544785,3.740343627432265,3.573808288338898,3.782107252682822,2.9919410159399757,10.519482214354094,0.1627680183608857,14.343275186251242,0.007265401,0.0,0,0,0.0,0.0,0.0,0.0,0.0,1.14449,1.3543563772721816,56.88296784543163,0.7146328509710711,1.5387902495973966,0.6620977117827789,35.333447128026975,42.24119427482791,1,3.3635856610148585,0.0,0.4999999999999999,0.003,84,4.300680995219929,0,2.777777777777778,0.063131313,12.350636085721526,10.369640025590376,0.0
5.9076303,0.0,38842.42329900024,114197.05380862798,6399.962107999996,972.653425636796,135701.2985329999,2085.249999999999,46.82622056302521,160.16417083959044,7.904734008,1.167651171232648,166.6067107714013,3.8250350631136096,0.2064072952516024,-1167.343435,2284.485520112559,1.6874271796133806,-19.11600265,45.09040087291109,-13.73563171,0.00020295702581278507,2.4957403557909426,3.419888503162513,0.009187121,0.005053575,0.034788565,0.2402561460726498,0.015347427,0.070814555,0.071956576,0.03150067,0.024347749297467,0.033896019,0.1208792769223726,1.5062072034161118,1.169348702579153,0.9212361348617472,1.450453232271773,0.9299719551631592,1.1418097155485958,1.3315789148555044,61.94016907983121,61.93987935116852,62.542465148980725,0.001519167,63.325601955675566,0.001395865,63.04595810913525,3.608633331949593,3.615807876,3.773310285751737,3.6072406509713617,3.815860296523706,4.865103724097853,36.93334446865263,0.1894248736878253,56.06519281120048,0.0101043183641175,12.08877684924342,2,1,0.7314785156833915,-0.655001322,0.0,0.0,0.0,1.32703,1.469742342979942,288.06949922406864,0.6551068895165352,2.626260963565953,0.6478135097658396,40.63944434500151,59.95483093412022,0,0.0,0.0,3.677055386613141,0.9810000000000002,178,4.983606621708336,0,9.625,0.064166667,13.013938170373658,11.208585415622304,30.33376522092972
4.746177561,0.0,13676.567174254396,27026.509343581416,1003.2894520000008,188.52318677373512,20443.23953729695,463.5401234567902,97.14348018843464,206.30923163039247,7.949897954198478,1.4844345415254734,159.13870120588092,3.988137310338328,0.2217142689117621,665.9061699731188,-535.1033404,0.6964322692043823,1.855212387488589,-16.40508926,-8.85235176,0.001863145,1.3559052524515869,-4.213412129,-0.007728659,-0.02532125,0.090275497,0.048298578,0.1298058570603349,0.010613628923244,-0.084254825,0.0594808860885281,-0.088359281,-0.068751237,0.0237044696613154,1.1049914963943843,0.9493248302989264,1.0152081691664538,1.0506504084215835,1.062915704050727,0.974884050615104,1.2163564973087706,20.40706147,20.406048201998804,20.74319542944718,0.006105807,21.19025153963784,0.005199699,21.16440719227444,3.305239844800609,3.351458005395287,3.516986363196968,3.329745590631473,3.567544649000403,3.8435883093844367,14.272555654188595,0.1775455423771136,19.533458730143607,0.0064611,0.0,1,0,0.5844070058578987,1.0892649864493402,14.722325743912767,1.532982962360311,14.722325743912767,1.18387,1.7569725693838665,94.87651874672878,0.9283550608452368,0.4123085649350084,0.8746103866867886,53.55775362741973,29.57181991870552,0,0.0,0.0,0.7598356856515924,-0.066,92,4.4942386252808095,0,2.6875,0.0471491228070175,12.308353925203194,10.491635263364431,5.148034333078169
5.829738285,0.0,4548.078870000007,9802.150104067669,322.176684,64.66360232,6188.608700832827,182.21399176954736,104.0049365250001,188.50288661668588,7.769040461538461,1.6165900579061252,159.05210676013937,2.805872111427667,-0.018577471,420.2323073827154,-232.7257935,1.1716016790123442,0.1144208056627783,3.006451192133203,-2.816208614,-0.000774,-6.446923628,-3.878763224,-0.015984165,0.0101062935437555,-0.185323098,0.1416481361745747,-0.047040212,-0.078109933,-0.074693481,0.2143817955490835,0.0349263,0.097079724,0.089938926,0.7428291710193277,0.964907577,1.0495611908117757,0.6980377609033717,1.0429649278713504,1.0375861870112677,0.7307007935682449,24.66477621122293,24.66477620072987,24.664776816479787,5.551115123125783e-17,24.66477695739185,3.2653618371328135e-17,9.868652238573096,2.5336737708816863,2.7799394430314543,2.9273802298392817,2.7910820042629303,2.9255770320387207,3.0080611040179,7.546877829767992,0.195160892616712,10.333422425379585,0.009944802,19.60647179,0,2,0.0,0.0,0.0,0.0,0.0,0.89679,1.5947024175446605,43.05696527370584,0.797479338,0.9629629629629632,0.7453468767289451,37.71598415939327,37.77109724,0,0.0,0.0,0.0,1.441,36,3.8501476017100575,0,1.125,0.046875,11.250404188176947,9.631481959469356,5.087511812001283
4.301029996,0.0,5088.843314835221,17778.02969176464,826.7413240000011,135.8474623,17875.05783738484,293.65637860082313,46.78629998816589,138.89085696691126,7.336502171875017,1.2238510120006667,164.27365704839767,2.1123247813786006,-0.054896632,801.2786873629623,-471.1277317,-0.062672388,-2.081188839,4.489070276594714,2.733982387248021,-0.000638,-1.149707172,-3.41396907,-0.002656319,-0.02173199,-0.087980814,-0.032684268,-0.066561812,-0.022478821,-0.063789758,-0.006264098,-0.083009131,0.0283293268972645,-0.021845628,1.1859189769095888,0.616769324,1.0424860411981445,0.7085867545761185,0.757753037,0.944411317,0.7240795017084182,13.769148569591666,13.776125299359052,13.11520982376557,0.002149332,12.916484632410793,0.002364366,13.428171657847484,2.887276860910418,3.215322821175619,3.361643454382737,3.2209688730401056,3.406713316175457,3.558959095306165,10.481289317905745,0.198542651521314,14.422428462052372,0.015387335818083,10.42692717429394,0,1,0.0,0.0,12.971876512339596,0.0,12.971876512339596,0.74217,1.501812534931711,70.58518914179042,0.8237991271019605,0.9787234042553186,0.7914860299589627,38.46938658679056,27.455562911550995,0,0.0,0.0,0.0,0.259,50,4.007333185232471,0,1.0,0.0303030303030303,11.480391942632796,9.875756578797818,2.5648442152100848
5.046723663,1.3608390022675736,6592.773113633604,16034.849753626106,697.1755920000006,101.67735915958396,14906.144089759386,430.25,75.48442974,182.2142017457512,8.263005682,1.1822948739486507,171.74914155466234,4.229166666666667,-0.01630823,-394.7177289,118.83755131202582,-1.199671142,0.0252353189135554,-2.821635086,-45.02891917,-0.000379,5.305207472782734,1.3659488656554692,-0.027038018,-0.006917335,0.034869027,-0.516131662,-0.01926984,0.1405172861710439,0.0324775011746199,-0.094102846,-0.03296702,-0.023010013,-0.167791248,1.109209582446086,1.1028630705988642,0.9863365792920584,1.084911102272067,0.9626881771761576,0.9105852700664148,1.1500171370318075,12.21565165266903,12.266064666794495,35.86092611808017,0.00322582,35.86092631737207,0.0007965607470078189,12.605513145563478,2.6461885494468063,3.159354328120213,3.322637474714872,3.141682687044174,3.3619017175240247,3.951140153726815,9.86524460662482,0.1810731339452481,11.34208956121864,0.006075801,10.95825774754346,0,1,0.0,0.0,13.11356072058453,0.0,14.112474962207104,1.06413,1.892314566285192,64.33869525369653,0.8496881635866651,0.7647058823529411,0.7917961540429335,40.15237394464741,33.03206441441441,2,1.5000000000000004,0.0,2.874432895704674,0.348,57,4.094344562,0,2.2569444444444446,0.075231481,11.81361507145167,9.984560498562606,2.5917238789799173
4.582777496,0.0,8354.407463649579,25593.57251613142,1134.8128300000003,180.7089316079605,24569.80701990104,411.8858024691359,59.90419353191463,155.11256070382677,7.519531975757585,1.2047262107197367,164.24147811913974,2.5002805836139177,-0.089388432,377.5193266983776,-441.9242009,1.4520154760842054,-4.558653385,-40.92683339,24.134259696677017,-0.000733,-3.174850537,-2.744870813,-0.000634,-0.015283214,0.6783531579469286,0.050465382,-0.051669574,-0.0649566,-0.053917202,0.073364961,-0.052775721,-0.126804921,0.0185306065738484,0.7466059837563758,0.8746141856836699,1.0782861781315525,0.598265159,0.9216516768831684,0.9822882100183444,0.6079846511906015,16.70709099160667,16.709119591083297,16.96279834781291,0.0176826620291068,17.024113700855608,0.016944266,16.93443471717895,3.1701451259046385,3.3090767451589995,3.482603426479075,3.3152641419449336,3.549064134997184,3.994082877933241,13.514213951860205,0.1763800466715727,17.552905587425418,0.0121192288094135,9.073230941021276,0,1,0.0,1.1949136313249116,13.33482148657265,1.1949136313249116,13.33482148657265,0.83976,1.7032709348073207,95.38317234920996,0.8377830225322522,0.9420515625386328,0.807872171,41.50491520004051,32.584368727835454,0,1.540669567683089,0.0,0.0,0.259,80,4.219507705176107,0,1.75,0.035714286,12.183719668855955,10.405383424480956,2.4405379540073078
4.72873939,0.0,7369.823576,26415.898304148937,1265.6358840000012,204.16966077905465,27665.81441883946,394.2777777777779,45.55046979479534,145.14229837444472,7.347529450549461,1.2009980045826745,163.01171390376714,2.014499389499389,-0.177157411,634.9364284,-733.8440192,-0.145387372,1.2622700754747984,-25.32687797,0.9583826429980338,-0.001100357,-1.761083804,-4.054386846,-0.003545316,-0.021980172,-0.077418852,0.0273368084906546,-0.124847393,-0.049365957,-0.077868937,-0.010133545,-0.090578061,-0.075210572,0.0178355420306124,1.2432528499332862,0.8478328881555016,1.0733325397145657,0.6903388847307775,0.8691131933077781,0.835476319,0.3545354382240873,20.511560198724297,20.50342123,19.356257045662275,0.011668549,19.19336029688448,0.0109032673652036,19.711667082932696,3.190660921839179,3.573816845222607,3.754573010211254,3.568239163860374,3.809123717976634,3.636371264590015,13.956352939363994,0.196511567352061,19.00546922681593,0.0122727761038212,0.0,0,0,0.0,0.0,13.39491873018184,0.0,13.39491873018184,0.90007,1.428430308142102,92.84797002923663,0.7482990384361449,1.5158357694304732,0.7191136979588694,36.45001356777883,35.11420616725016,0,0.0,0.0,0.0,0.003,70,4.324132656254979,0,1.1875,0.0258152173913043,11.792744202277504,10.158633519975831,3.131546855072977
4.520568663,0.0,6937.6581100000185,26097.71789174628,1240.3144120000009,204.85889577875267,27371.516433545254,343.83333333333326,39.40875779,143.3940543502543,7.305041890109901,1.2050523281103098,162.5384896496232,1.934523809523809,-0.059376779,327.4919230030784,-661.0982195,-0.35652672,1.240391509764303,-19.27777743,1.1522024983563477,-0.000369,-0.855628661,-3.652476351,0.001045799,-0.022287022,0.044365968,0.004917348,-0.049421008,-0.026765666,-0.068177632,-0.06879013,-0.093141208,-0.084013308,0.0196378871876428,1.2989604395165313,0.9583659394209048,1.0485082268763777,1.6167682832217354,0.8761492695832731,0.975730148,1.202691652725786,18.32707193447284,18.32702935002827,20.62667020798713,0.010559819403167,17.815777039948404,0.009740917,18.79210516559012,3.1522835284966586,3.5736752135572947,3.7536416593416657,3.568179562432777,3.782107252682817,3.3877453105353528,12.712629313499304,0.1958574759513634,18.404240819176724,0.0138250267546281,0.0,0,0,0.0,0.0,0.0,0.0,0.0,0.82425,1.259603591180386,81.87423342672508,0.7131111472573797,1.7277501926738168,0.6852982134410506,33.627135933265144,32.854345224614974,0,0.0,0.0,0.0,0.003,66,4.241326752570746,0,1.0625,0.025297619047619,11.670177046314736,10.047111592619004,3.1294412383108248
4.397940009,0.0,1.016064,31.083744430930263,0.0,0.0,0.0,21.0,0.0,31.083744430930263,6.718464,0.0,184.91765202424895,1.0,0.0,55.38501779012343,28.652159267312555,0.1507164938271601,0.0,0.0,-0.668038409,0.0,-11.55379481,5.730431853462511,0.007578999,0.050084483,-0.506218786,3.638203017832648,0.0,-0.24885099,0.1542548603292355,0.6538627492148089,0.3171562037547099,0.0,0.6069221967963389,0.0008285312797681607,0.0,0.5990075809334523,0.0,0.0,0.0,0.0,1.1794495191376642,1.1796129765843304,1.3298858347664018,0.027265444,1.468483524900355,0.0266645454220144,1.096657332893676,0.1301042617197107,1.1919208382295807,1.7737729443253936,1.1765024593308502,1.8864428022233748,0.6315789473684208,1.8020951405812151,0.4082482904638631,2.5097822626503263,0.0,15.016203703703702,0,2,0.0,0.0,0.0,0.0,0.0,0.51077,1.5304930567574826,13.774437510817345,0.9298966940476155,0.2222222222222227,0.9298966940476155,0.4859788297813774,0.9644111117521388,0,0.0,0.0,0.0,0.6859999999999999,0,1.9459101490553128,0,0.0,0.0,7.670894831362117,6.834108738813838,6.955220308284977
4.301029996,0.0,4462.461780000007,14302.397183926028,580.4156120000004,88.22742874897993,12137.784694687583,312.83333333333326,51.26728982666668,178.77996479907534,7.6416411,1.1763657166530657,155.38474493303863,3.2458333333333327,0.091270444,-290.7007006,-337.2108686,-0.575579302,3.7608403699042254,17.826722432359837,2.8727877808556466,0.001629829,-3.957310825,-3.746787429,0.003361873,-0.008665941,0.1973422916111028,-0.118570618,0.097361197,-0.113391718,-0.074463776,-0.075080825,-0.03624334,0.2327770828980004,-0.073517432,0.8705664961316407,1.0622850630221536,1.0275045527938245,0.958200886,1.148736643600982,0.7556110016067107,1.1989386159516235,11.76602098338315,11.765827661691688,11.774364911997498,0.00321613,12.47786292373278,0.003713917,11.69206188995384,2.808177830237254,2.968420196052773,3.157834560820333,2.961465564076568,3.1989086190581784,3.397533180523338,9.599097215793964,0.1834105949898485,12.420517132405475,0.006442203,9.81046059938872,1,1,0.5722264739229026,0.0,0.0,0.0,0.0,0.97622,1.3779630390761746,52.36259548489464,0.9021680214946568,0.5134151316928115,0.8477250082054143,40.587815710694805,22.62153558611655,0,0.0,0.785629302,0.0,0.295,57,4.110873864173311,0,1.625,0.045138889,11.77136665963713,10.063009495553011,11.03863426566372
7.22184875,2.01201766917808,10999.424800999992,30930.730496739237,1333.7420440000012,221.4207927742055,28354.98807354381,443.8051935680536,62.94417798857141,166.29425,7.656038645161304,1.265261673,161.5565307466962,2.435041373512102,0.043024096,530.2834675,-1373.835908,0.7265864472656491,1.377774410490999,10.74614983777849,-17.0638646,0.00035853413252093783,1.4876294808478674,-8.081387693,-0.012609044,-0.037327428,0.108423658640413,-0.004412188,0.023968421,0.0258119663857644,-0.159410964,0.043674135,-0.147639286,0.06132691,-0.005163342,0.8477674464780406,0.8071579275195079,1.1341501917014574,0.8965357326686143,0.9277265271611972,0.9575298698596832,0.9421618886812826,21.489548326777417,21.48907805957211,21.05610102771543,0.009269227,20.92595445,0.007974537,22.69624908976628,3.524019806,3.528540956236875,3.705246264144429,3.5146197467915647,3.747842753799312,3.673490615632448,16.10483757204043,0.1791233134461685,21.49023481130237,0.008227867,0.0,0,0,0.0,0.0,0.0,0.0,0.0,1.0107,1.7059785861049792,109.18262951071868,0.8834508137964493,0.699295117,0.8445825067336408,48.15512999,30.277114648336088,1,1.927881882289305,0.2457145036321038,0.4018742173778432,0.003,98,4.468777561082536,0,2.604166666666667,0.046502976,12.36812771746266,10.527311449886325,11.855031369079777
4.866173786,0.0,8936.756184999967,33933.301416521885,1579.9027920000008,252.0430968157901,35031.048320659946,445.7777778,36.40975752073739,151.48795275232985,7.299315732142861,1.1614889254183876,160.96860179699507,2.104538690476191,-0.001919649,-179.3412124,-867.5409972,-0.43300187,-2.821860495,-8.948498446,-6.135377778,-1.07e-05,-2.019013484,-4.035074406,-0.001877046,-0.019473069,-0.046034637,-0.01963534,-0.001579619,-0.062909597,-0.075795481,-0.067007912,-0.082095322,-0.034569325,-0.032979084,1.1595397945024897,1.0248494101373586,1.0643563428921872,1.2540752926836525,0.9818658427617578,1.0175144654967454,1.2554234521222518,22.98378529,22.972494183140107,21.60063638,0.005486929,21.95191995325135,0.005707797,22.18378819559305,3.303877342286495,3.546313077290899,3.6649049650951313,3.552791549136246,3.7063438739693417,3.5771031622515816,15.169321013661987,0.1837815960481232,21.37086062435712,0.0129529463715653,0.0,0,0,0.0,0.5959133135268864,0.0,0.5959133135268864,0.0,0.82575,1.2836777033253322,96.27582774939992,0.8433919001466271,0.975483459449734,0.8102227779924229,38.55629857085236,25.777876231834767,0,0.0,0.0,0.2390457218668787,0.371,91,4.460144413937834,0,1.875,0.034090909,12.117771346039024,10.403990075979044,2.544397069
5.043351421,0.0,6589.393889835218,23665.20403971036,1119.2723800000012,170.59094686445047,25005.60395891964,486.4861111111112,39.00611282766025,148.83776125603998,7.466788201257868,1.1149735089179769,161.53107836092354,2.567959468902865,-0.05048984,-523.3838696,-1062.574772,-0.064922367,-0.671040019,-18.59228934,4.647655807114511,-0.000451,-6.392404798,-6.142050703,-0.002900582,-0.017740708,0.054306955,-0.10840568,-0.048523817,-0.181155433,-0.119222359,-0.005364364,-0.074561104,-0.090908464,-0.054811235,0.9718554051461424,1.055414598992504,1.0754994970182896,0.8316062633665576,1.0412400619649889,0.8856678403446419,0.912051263076418,16.70603496431441,16.70626231499864,16.85227302880034,0.005793608,16.377759938141512,0.00665585,16.74990188903857,3.0547523374480754,3.3689199014602838,3.483670479411263,3.370945116204746,3.520470154363829,3.674183705,13.065926215776171,0.1795020288542942,17.02768135476279,0.0110389934517493,0.0,0,0,0.0,0.0,13.078764549127802,0.0,13.078764549127802,0.87759,1.478407376062579,82.79081305950443,0.8477614788586023,0.8841031250772664,0.8116022765911244,38.49087264932288,28.244289556934948,0,1.7169934312484405,0.0,0.0,0.003,81,4.262679877041316,0,3.333333333333333,0.066666667,12.272342479580251,10.429841977919745,5.135625638094094
4.935916564,0.0,2493.0432139999966,7274.814350448816,441.4199039999997,41.50647235467804,9841.976048121229,351.99999999999994,28.47376303571424,105.43209203549009,8.050051710144924,0.7411870063335364,173.8993231377417,4.1727053140096615,-0.014892685,-226.6238407,-155.7907348,-0.492307,-0.12047022,-1.613246402,37.18555555555559,-0.000621,-1.468072459,-1.997317113,0.0252626944444444,-0.005992835,-0.115825827,-0.135583736,-0.015851834,-0.035723539,-0.048617007,-0.047157551,-0.035114981,-0.064408762,-0.040868489,1.0957576805619054,1.071816993763936,0.9710291639278812,1.1116832348594583,0.8710817116907477,0.7898062320935891,1.110734485672346,6.064914140150084,6.065023488853019,6.663978794905481,0.00464074,6.289482116067246,0.001965591,5.696859026161624,2.2254305263198697,2.565129615285266,2.880588099529745,2.562255624826985,2.935172533107668,4.523074669821284,4.869724706237183,0.2360264120301896,7.459682617,0.019256196,44.88031076782565,0,5,0.0,0.0,0.0,0.0,0.0,0.53893,1.5486241546053248,46.458724638159744,0.8590085574712814,0.6918295834054486,0.8676569579894745,29.49681048426712,21.892987680622948,0,0.0,0.0,0.0,1.215,14,2.772588722239781,0,1.125,0.066176471,10.42747616,8.941807118363164,12.236094021779689
4.561299467,0.0,8689.462399,25622.80755345163,979.100082,206.78209235152735,20564.388656532345,262.3024691358025,60.16235203731342,167.46933041471652,7.227521862745107,1.543149942921846,158.83421774095368,1.7853044281269888,0.069530453,1619.9230928072889,-942.6546855,0.2956228906249978,-3.949008837,-28.18319748,-2.736157104,0.0005994004543342879,-5.230113905,-6.412616908,-0.001984434,-0.050741697,0.3960689825761486,0.022086523,0.1017873382667752,-0.09266034,-0.112062743,0.098473223,-0.142929118,-0.151276214,0.1154286035027608,0.8179150792974542,0.6459870434010346,1.1052031073247268,0.8131180287355007,0.7018755236145826,1.0838636915694977,0.7679113685558699,13.02633505406028,13.02686403750891,12.67070596954967,0.0123409231608833,12.514489313572213,0.008122319,15.322371808457405,3.0300844579164017,3.1659014546075634,3.2988183741261023,3.242134556779297,3.362530430726462,2.950274250668248,10.471087891487633,0.1768638430586862,15.998252993232844,0.0162549111379202,0.0,0,0,0.0,0.0,0.0,0.0,0.0,0.69267,1.4083445441575104,67.60053812,0.8274210193125867,0.9638471355518838,0.7922514146413246,39.86026754465957,26.310025524348973,0,0.0,0.0,0.0,0.003,70,4.077537444,0,1.1875,0.0276162790697674,12.008103298139684,10.142701284027831,0.0
4.397940009,0.0,7691.962044059206,19993.019887143928,718.6228120000004,147.50525134473511,14432.382016373884,366.0092592592592,82.44154187771917,196.0099988935679,7.727065117647065,1.5692048015397353,158.08883879230515,3.001755022996853,0.131604074650288,-837.1438455,-869.6492062,-0.702271,-1.272442329,-41.55675679,8.365775532919425,0.001624742,-14.33566991,-8.127562675,-0.001000834,-0.022217628,0.8443083221830802,-0.064973462,0.090285693,-0.240101652,-0.162010901,-0.0442422,-0.061794921,-0.173650307,-0.017757729,0.5516421135396599,1.2920913784776489,1.169815346041353,0.7263166472307632,1.22006234634212,0.7571670469454628,0.7232548709430489,17.130963837714912,17.134857293976545,17.18041131933137,0.004974464,18.946289828303264,0.006041246,16.487829006300238,3.288506818507022,3.2578500934069625,3.480470400732566,3.2430655024937964,3.471767998093688,3.991992668799565,13.911565599808393,0.1866199379249723,17.749972380438976,0.016971586,8.729046248544323,0,1,0.0,0.0,12.76217115,0.0,12.76217115,1.00205,1.85981477345777,89.27110912597297,0.9169471351881074,0.4638471355518838,0.8669731193221302,50.00836444,32.98139140954029,0,1.359256208537008,0.6666666666666667,0.0,0.502,66,4.397530821209847,0,1.979166666666667,0.0449810606060606,11.958130382247251,10.232971139621664,7.789242609
6.279014256,0.0,6850.765903000002,10697.08796810558,306.72755400000005,63.319810637698005,5776.9947648178295,313.2037037037037,112.75727832432432,218.3079177164404,8.666324449,1.7113462334512974,163.4453665345905,4.803518938439572,-0.01684865,764.6856606967896,-236.4895332,1.1112420951248514,0.7332575,-10.18085416,-4.75939772,-0.000468,-11.20470058,-3.94149222,-0.025938316,-0.011092858,-0.281809336,-0.958312667,-0.026096976,-0.15302749,-0.093513541,0.157619332362944,-0.042434348,-0.189907774,-0.281414882,1.1209480347789136,0.9368434852218598,1.0858225865666826,0.9862495379573636,1.0401630017276349,0.7847702943068027,1.4954236006928463,11.60982370968922,11.624090174809892,10.642835136713066,0.0004816267603659192,10.43727810562724,0.0004299079548624264,10.650805652486362,3.001476227747267,2.931140504481259,3.170443267366723,2.894449390723025,3.171406333434122,3.773638565729392,9.326861544815364,0.1909476278052495,11.70270541080735,0.00601266,9.747843799807786,0,1,0.0,5.731246788908225,0.0,5.731246788908225,0.0,1.12389,1.9577838800988068,56.77573252,0.9858036667268664,0.068965517,0.9125536634448932,53.78049438751361,28.990366108024418,0,0.0,0.0,0.1999999999999999,0.2970000000000001,45,4.043051268,0,1.625,0.05078125,11.52340041066421,9.871738854221547,9.929058491706549
6.259637311,0.0,6850.765903000003,10697.08796810558,306.72755400000005,63.31981064,5776.9947648178295,313.2037037037037,112.75727832432432,218.3079177164404,8.666324449,1.7113462334512972,163.44536653459048,4.803518938439572,-0.01684865,764.6856606967897,-236.4895332,1.1112420951248514,0.7332575,-10.18085416,-4.75939772,-0.000468,-11.20470058,-3.94149222,-0.025938316,-0.011092858,-0.281809336,-0.958312667,-0.026096976,-0.15302749,-0.093513541,0.157619332362944,-0.042434348,-0.189907774,-0.281414882,1.1209480347789136,0.93684348522186,1.0858225865666826,0.9862495379573636,1.0401630017276349,0.7847702943068026,1.4954236006928463,11.609823709689207,11.624090174809892,10.642835136713066,0.0004816267603659681,10.43727810562724,0.0004299079548624053,10.651380282955415,3.001476227747272,2.931140504481258,3.1704432673667133,2.894449390723026,3.1714063334341205,3.7736385657293994,9.326861544815364,0.1909476278052495,11.702705410807352,0.00601266,9.747843799807784,0,1,0.0,5.731246788908225,0.0,5.731246788908225,0.0,1.12389,1.9577838800988068,56.77573252,0.9858036667268664,0.068965517,0.9125536634448932,53.78049438751361,28.990366108024418,0,0.0,0.0,0.1999999999999999,0.2970000000000001,45,4.043051268,0,1.625,0.05078125,11.52340041066421,9.871738854221547,9.929058491706549
4.535734066,0.0,8510.389696999973,23655.09196246745,893.0651280000001,182.41476154698032,18719.03784136164,241.75925925925927,61.53790005785122,171.4137098729525,7.293818166666678,1.507560012784961,159.3943434100725,1.8242215197842315,0.0714209,1700.3269343564025,-641.1464166,0.6525524917355364,-4.718515877,-5.27536105,-3.306108063,0.0007935655565541577,-4.266879191,-4.679900851,-0.003500499,-0.045707216,0.3782801860594686,0.026374006260092,0.1234433185427255,-0.068626112,-0.083095972,0.1453962258312258,-0.143272846,-0.038192006,0.1470581834073909,0.8149391150475278,0.6299777773497622,1.0826120889217756,0.6798545175985838,0.7249836643765237,1.091679286531558,0.7583575030852955,12.39134733287111,12.392216978796885,11.992050655956255,0.013148330657533,11.846196450920592,0.008856939,11.95878701606127,2.9201819010139807,3.147712542562477,3.291071274,3.159083796014773,3.357334455575862,2.908404547422505,10.301985912761872,0.1754631230590758,14.907401540868936,0.0147531845446818,0.0,0,0,0.0,0.0,0.0,0.0,0.0,0.73908,1.483311422414977,65.26570259,0.8220140746211827,0.9717019886855338,0.7834832319252222,41.03872835790791,26.727248317419576,0,0.0,0.0,0.0,0.003,68,4.060443010546419,0,1.1875,0.0289634146341463,11.975520467993162,10.116701972772454,0.0
5.332547047,0.0,9711.805497999982,34531.32950401774,1736.527632000002,265.9637043343368,38185.53992488035,583.8333333333335,43.23028360344821,133.84236241867342,7.556320031007759,1.1463952773031758,167.28824160567132,2.646640826873384,0.151558956406632,-436.424977,-1019.417219,-2.948479373,1.830417595,-0.36351225,-17.78018272,0.0005966888047505199,0.7015494769842284,-4.110553302,-0.000764,-0.032912276,0.1387797684735898,-0.256468619,0.056443602,0.0208666749546097,-0.080830861,-0.215323354,-0.145533917,-0.001037595,-0.201003161,1.5400732992049313,1.1058855073803768,1.090476431,1.7816720260542942,0.8200984794463227,0.8796288035743798,1.877199737306238,52.44496002554056,52.444960022012246,52.44495715214955,5.714383214982423e-18,52.44495646725001,7.34706413354883e-18,52.444963084447664,3.167408528016362,3.5146091725546165,3.660707998,3.509668384714797,3.707029711443876,3.8770937639009055,15.051505467933175,0.1992740970154416,21.62149434194311,0.0113579477043391,9.557615656484185,0,1,0.0,0.0,0.0,0.0,0.0,0.91911,1.3784807570121305,103.38605677590978,0.70023401,1.867188000230768,0.6823238587499771,31.32759686192008,43.31930474132171,0,2.032530992618459,0.0,0.0,0.259,65,4.262679877041316,0,3.25,0.06372549,11.963497772977158,10.301961613455438,7.465317734919296
5.4202164,0.0,8835.438009999996,11861.955363230503,327.6166840000001,75.11395490169795,5825.90287867686,272.4488645023624,167.27663292105262,247.1240700673021,8.909795645833334,1.9766830237288933,161.32704299906456,4.805215795356397,0.040126019,-48.28996097,-170.1235213,1.000022918367348,-1.049586234,-6.142144172,-7.216403497,0.001114612,7.897735502551021,-3.037920022,-0.021003942,-0.005932817,-0.251385941,-0.055832494,0.042483084,0.065551155,-0.07625081,0.1377985107477606,-0.019899121,-0.132391513,-0.023517904,1.0513618216195015,1.0068283658068116,1.0408540202682584,0.9566898611678356,1.1701116543125971,0.8014208443525744,1.4278814645287945,11.086347670897638,11.084867096915394,10.78758263216413,0.003022225,10.736440057782344,0.002363704,12.413870139745256,3.310936817798059,2.875160640760158,2.9750246245546554,2.915654266317361,2.948991769743813,3.578888107051281,9.871896487640548,0.1864764251903197,14.204193384171068,0.006754313,20.48161289149862,0,2,0.0,0.0,0.0,0.0,0.0,1.10162,1.9509256607446963,54.62591850085151,0.9554254433550334,0.2142857142857153,0.8884208584245435,67.62689554129793,35.541401552721865,0,0.0,0.0,0.0,0.7400000000000001,54,4.110873864173311,0,2.6875,0.070723684,11.806348526363516,10.098519653689262,7.6188254566667615
4.301029996,0.0,11231.507408999987,27862.1358597396,1105.1324720000014,187.7622283794135,23613.857539715744,429.1421277244322,68.94397684615377,171.98849296135552,7.662007259259268,1.3130225760798149,162.29677335609807,2.658823604125387,-0.10292901,1195.1957195697182,-581.6634146,1.939521664932364,11.55081991188924,-25.48710226,7.321499381217266,-0.00088,2.4957986833889363,-3.852075593,-0.006811841,-0.005189361,0.3044883019936326,0.075186338,-0.072635393,0.043597126,-0.07501233,0.1715869664575438,-0.02053164,-0.143237194,0.093844049,0.9385528221525612,0.8660998191038985,1.02674497670223,0.8899369200323826,1.0091554901875797,0.8338373930226053,1.0222339543242722,21.209114506445832,21.213353870568973,21.80907885777916,0.0119390499955465,20.78255412769554,0.0122041117050528,21.65611238187961,3.4095464458357103,3.436278572653832,3.6289006634621024,3.435178286900515,3.702923969636714,3.510670061786079,14.919503531182508,0.1838245795325888,21.39771734843575,0.005909219,0.0,1,0,0.5656772448398271,0.0,0.0,0.0,0.0,1.08673,1.6605989603139903,102.9571355394674,0.8746759100512145,0.7462042339756518,0.8335551373163747,47.37063791565325,30.778693009452407,0,0.0,0.090909091,1.105209449592116,0.003,91,4.4942386252808095,0,2.6875,0.0455508474576271,12.276470529524628,10.49479578720404,5.642723641683956
5.083019953,0.0,9196.689210222792,17373.089588271818,673.4803560000009,122.74971493479184,13153.777401032372,422.3105925925926,111.62811246489372,204.3892892737861,8.270680094117656,1.5154285794418745,166.2738426428898,5.369257516339868,-0.10106269,-2461.098519,424.7982546121679,2.021618818594104,-1.107628046,-20.75979056,76.46575844931553,-0.001203127,-0.599159035,4.6681126880458015,0.0335321519274376,0.0346083877075229,-0.466075269,0.5126831047968158,-0.08001114,-0.001644229,0.086573016,0.1477826469318454,0.0532570951662091,-0.079977724,0.1392559020204691,1.2770030613821657,1.036534230066176,0.813057966,0.8791395342663341,1.031075762939404,1.0955518700823612,0.9167071043384054,16.293588672038698,16.320526414201048,15.593849675181357,0.0102775624324287,16.385747039259453,0.0119878994818649,17.83571883087995,2.9971081118200664,3.1421793629106918,3.3786970721456293,3.4530854000534803,3.399725500442697,3.925038900116872,11.501782140454562,0.1875756147900822,15.99392445364873,0.006064273,0.0,0,0,0.0,0.0,13.65623527,0.0,14.35409373862714,0.97807,1.872947481632925,78.66379422858284,0.917188676868064,0.4465449405277004,0.8718973250571013,60.19012462468428,32.38313742744428,0,0.0,0.3333333333333333,0.0,0.158,59,4.189654742026425,0,2.0972222222222223,0.051151762,11.932221154790554,10.18930538837816,5.515079010627492
5.598599459,0.0,3915.464052000003,14644.037217622938,688.9479800000014,101.89797267916776,15229.035457733267,302.30555555555554,40.09837663440862,135.5929372002124,7.3887660740740895,1.095677125582449,164.5015000540606,2.3040123456790123,-0.000444,-110.9057357,-903.7591584,-0.362491828,1.739421889211432,-20.12277128,-3.811166644,-5.62e-06,-6.430803115,-8.291368426,-0.009725896,-0.032290345,-0.051547071,-0.104523064,-0.00034,-0.185684929,-0.166577753,-0.054444359,-0.145770865,-0.16943703,-0.099422863,0.9557648288301884,1.0027001998505285,1.138732716106542,0.9235896932562034,1.02715815452503,0.7395537500460985,0.8960835381436257,36.27181662655692,36.27181663702052,36.271826856141296,2.886579864025407e-17,36.271838288952985,1.9984014443252817e-17,36.27180483,2.995514756067635,3.168489517005497,3.3702454928340595,3.1460010456681675,3.4256345446922656,3.434341870776292,10.394762288967652,0.2077154218597954,14.125533178756726,0.0106194349447351,0.0,0,0,0.0,0.0,0.0,0.0,0.0,0.87874,1.5177767263042723,74.37105958890935,0.7528358293536171,1.387755102040817,0.7215719452811812,31.056814286406983,37.68010679529673,0,0.0,0.0,0.0,0.357,41,4.043051268,0,0.875,0.02734375,11.240263359274833,9.710691327448153,6.135740189608926
5.903089987,0.0,15907.84144393,17217.91863,510.9287820000002,134.46669923254697,9664.177404472415,298.8832532,148.4878354556923,253.20468574899851,8.044304294117651,2.068718449731492,152.44719761542066,3.5282920600338894,-0.018879888,192.2983557,331.4578188508326,-0.054126127,-8.526143692,-3.481965046,-6.453317372,-0.000343,140.71982612204255,4.361287090142534,-0.013716892,0.2484709529063143,-0.243119509,-0.308834085,-0.021522642,0.1901190946057818,0.074566428,-0.008037861,0.2339035840096101,-0.042247955,-0.205078218,1.0207556564471818,0.832633523,0.8801545329658321,1.0774545055490896,1.012163664452234,1.0170031295763469,1.670097343,15.512730731624696,15.511175062002703,15.878409064838303,0.00124878,17.475163825389085,0.002654037,15.18531826751251,3.3494587335081434,3.159407075981653,3.30400144,3.753560855357769,3.317179227848358,3.5188367292049607,12.067859023041848,0.1898960084691077,19.29857496556078,0.00791185,10.27090786385062,0,1,0.0,0.3673881011084345,0.0,0.3673881011084345,0.0,1.02883,1.892157564427747,71.90198744825439,0.9322550866146736,0.3555203948507062,0.8668553829306839,85.60519149368956,42.07519813598714,0,0.0,0.2519763153394848,0.0,0.183,63,4.324132656254979,0,2.0625,0.0491071428571428,11.830615268006358,10.158865933983696,8.219371123544253
4.397940009,0.0,3923.817830999999,8725.908788,304.7731539999999,59.41197265194302,6060.301970534792,331.95987654321,93.50055843589745,181.78976642326623,8.236308041666662,1.523383914152385,164.5152991,4.398051697530864,-0.138836858,23.953113209181964,-453.0919041,-2.286615648,1.0825201515086886,-1.981575599,-14.98317232,-0.003856579,-14.79765986,-8.09092686,-0.017709796,-0.049532384,-0.285475849,-1.077311303,-0.170640545,-0.070905665,-0.159268886,-0.448094818,-0.145089711,-0.038152122,-0.438569128,1.7763097979204228,0.4336210676832227,1.0662086850522934,1.846622954351157,0.5569357922464373,0.7908937336392975,2.0340205750830465,8.586641598928333,8.587020613868447,8.366195400539771,0.007073376,8.325599918722013,0.006559579,8.792937554602128,2.619181913839716,2.752232205828885,2.9415797235620618,2.818472716406127,2.9490764734626973,3.3363405104609365,7.801705499632408,0.191583620107036,10.808088377915093,0.007125785,19.14482279331486,0,2,0.0,0.0,0.0,0.0,0.0,0.9688,1.7330733225264865,48.52605303074162,0.9108508867100672,0.4285714285714288,0.846972343,49.99113184249053,30.45095910282769,0,0.0,0.0,0.0,0.2460000000000001,39,3.8918202981106265,0,1.6875,0.064903846,11.302118010167089,9.679030639139388,7.630738293159654
5.35753548,2.3664992231460484,6266.974207835197,16498.235491669704,569.0546520000006,126.63002477939584,11416.787889146308,198.1049383,77.83502607276796,242.62111017161328,7.662173470588241,1.6884003303919446,152.75928199557347,2.7273965141612195,0.09308066,-38.41906083,-99.95226523,-0.289151425,-5.85974787,-24.67094315,-2.597279378,0.001825111,-4.341850734,-1.514428261,-0.008352625,0.0174746215275757,-0.255064958,-0.03775709,0.1846383865395637,-0.088529223,-0.030276412,-0.056679056,0.056687644,-0.199185939,-0.024488472,1.0388519381101131,0.8632681149871374,0.9079017288487226,0.6104603540155303,0.8071322017606417,0.8909156843798641,0.411083038,11.725624405258388,11.734918586656091,11.268581686448698,0.005428785,12.134567604806834,0.005705088,11.42517383142185,2.621495660806456,3.098606267464913,3.214469287619531,3.136268474905241,3.2615585647962253,3.0131985342582217,9.249787071438629,0.1696194811841243,11.977365846790796,0.009201086,0.0,0,0,0.0,0.0,13.16436608848666,0.0,13.16436608848666,0.91329,1.6572899523639886,54.69056842801162,0.9399273141907396,0.3030303030303019,0.860846151,44.50028344042071,25.201084500898617,1,0.0,0.0,0.6324555320336759,0.003,68,4.237723145067448,0,1.3819444444444446,0.0431857638888888,12.024976337811912,10.048410069255738,0.0
4.301029996,0.0,4663.816048000012,18074.28041625679,899.6748480000011,129.38648423511077,19919.58192939387,288.9722222222222,35.96175270491815,136.9263667898242,7.311741030303039,1.0605449527468096,161.6085575776136,2.057239057239058,-0.011695101,-134.7863788,-888.9210585,-0.186248258,-2.3705994,7.260142682114301,5.583803238070827,-0.000127,-4.812015098,-6.584600433,0.005841446,-0.023242503,-0.089357834,-0.003867005,-0.011994262,-0.145363538,-0.125161655,-0.029739949,-0.098244291,0.0572763017627492,-0.005734731,0.966823724458152,1.0089513596704056,1.0881950620610592,1.0410900048277836,1.0427770906175775,1.057339497651958,0.9758527226653624,13.147835605569236,13.146432841853896,13.018659883584156,0.001298046,13.60661734780328,0.0002390045465337984,13.31115955460406,2.9090404965553467,3.2537738228939936,3.397977708447634,3.2599513824661046,3.4440622412369595,3.2432909717934284,9.956431200030964,0.1938867461560965,14.371605264979369,0.0135069325769338,10.21249606324011,0,1,0.0,0.0,0.0,0.0,0.0,0.70225,1.3073149804662485,66.67306400377866,0.8746441299823944,0.711071814,0.8433885052156889,35.79989768,20.97119028470437,0,0.0,0.3333333333333333,0.0,0.1019999999999999,52,3.9889840465642745,0,0.8125,0.023897059,11.50631365504917,9.898123190036978,5.601224940697142
5.080921908,0.0,5611.184256000005,18711.99565036573,681.3080960000012,124.39446058097978,13973.72487270068,294.3333333333332,62.30916595555561,183.45093774868369,7.405912470588247,1.3821606731219975,154.43142417842324,2.791938998,-0.05002261,279.4707268047334,-1125.431834,0.1857081656804723,1.8551997318086848,-12.56067449,-3.489005771,-0.000676,-7.402232895,-11.25431834,-0.001058364,-0.0453166,-0.091180782,0.0499724983133731,-0.058481281,-0.231960703,-0.214616664,0.03519303,-0.186093145,-0.124698721,0.042421849,0.9647891837014184,0.9198435127051086,1.1533072417643055,0.9179163106174478,1.0269685208721475,0.9160359873805456,0.9127341240672886,33.37005287427809,33.37005287413749,33.37005277478604,2.172175482962263e-17,33.370052734216785,7.843967021808172e-17,14.683721431420771,2.8487688583320345,3.312033088650212,3.4024280838204985,3.315226509471624,3.4282177886310445,3.2383299956912865,10.08946242076786,0.1736031226092841,12.529737202461977,0.007616369,20.70237654320988,0,2,0.0,0.0,0.0,0.0,0.0,1.03927,1.2280005296736851,47.892020657273726,0.7307059131405329,1.4233275642135106,0.6742542403101952,33.28496447213156,34.21729968839224,0,0.0,0.0,0.0,1.089,70,4.343805421853684,0,1.5,0.0375,12.005748,10.22893495265826,5.157549797935776
4.301029996,0.0,3606.0197880000032,11033.344971735189,446.1629639999998,75.51217632073497,9504.628941601188,198.27777777777777,56.62036371186444,180.8745077333637,7.568421508196721,1.2798673952666944,158.19526473696706,3.157103825136612,-0.049080622,137.09310036328128,-237.9940117,0.5554469999999998,1.692341555128039,-1.696315213,-5.921549479,-0.00106697,-1.891823497,-3.216135294,-0.006789627,-0.017641707,-0.116258687,0.054098716,-0.101380441,-0.057540195,-0.062705263,0.1875016298248194,-0.075876489,-0.023912278,0.046862841,0.8684970065991131,0.9249468137818988,1.032818798176912,1.066381045405295,1.014833486884991,0.941016700321898,1.3437907852180115,8.812445573348674,8.812525480150192,9.051508492,0.005339908,9.382090134253872,0.005181371,8.897001271263118,2.576411064827412,2.898976312634877,3.077948827591604,2.918444031782682,3.163071857645446,2.9690175925490103,8.134874107679703,0.1739019475511328,10.37234990560162,0.006454884,0.0,1,0,0.5302777777777778,0.0,0.0,0.0,0.0,0.87755,1.4404272549083053,46.09367215706577,0.9280639062229566,0.3596804688852169,0.8633089283127308,36.90527737631099,20.670958593344352,0,0.0,0.0,0.0,0.283,53,3.984343667007772,0,2.055555555555556,0.079059829,11.731040393929591,9.829894832232757,2.5769946213375503
5.185086819,0.0,8540.790416292775,24634.19919732384,1151.0185920000004,171.5172133925644,24530.57541028313,475.7222222222222,54.268825638400045,159.9623324501548,7.832890519480521,1.15890009,165.13260274493442,3.5447330447330447,0.1043613583209078,32.05086027776201,-547.5102027,-0.478452672,2.56990671503094,-19.31422896,-21.96558301,0.000802779679391599,-0.196567815,-3.465254447,-0.009879212,-0.026663167,-0.042773308,-0.071141505,0.0444989726376012,-0.005280032,-0.071804964,-0.029537006,-0.119284207,-0.08131609,-0.031557896,1.0767540252464465,0.9938504292246372,1.0743671082049369,1.0786923302429692,0.935990697,0.8985663019833955,1.2081725751717478,18.877738154906137,18.87842404832376,19.032222839040028,0.0125152697840636,18.46441698217967,0.0116166066002396,23.656928182623044,3.1191481974089537,3.345648187655098,3.5150055473352024,3.330704472868576,3.562291482322184,3.970062999730475,14.263778326133613,0.1781090570430603,18.126528568468157,0.006927644,10.285716203932257,1,1,0.5962201871073729,5.140092525921401,13.695871222911446,5.140092525921401,13.695871222911446,0.98925,1.672068684146164,98.65205236462369,0.8976887449666063,0.6018605932936802,0.8601251382977517,42.77243518921472,27.19488650333642,0,0.0,0.3218297948685432,0.4127409061118283,0.7470000000000001,88,4.366278277705742,0,3.430555555555552,0.068611111,12.244615244200409,10.363472411086745,10.653054695860115
5.225921199,0.0,6804.094402,21017.396993463837,745.0321320000005,127.2798480035838,15244.846416607676,281.6666666666667,58.832587742268096,200.1656856520365,7.6330728380952415,1.3121633814802454,153.54409989037214,2.6417989417989403,-0.027634552,-329.5183246,-900.4061025,0.5369693333333297,-1.915452536,1.4759920817632424,-0.578274527,-0.000468,-5.681849115,-9.004061025,-0.005532343,-0.036744698,0.5178078556237694,0.000617805746010836,-0.02596001,-0.172095345,-0.189237015,0.053389601,-0.158514826,0.0172530214974091,0.001163373,0.7515106511245103,1.0373510397016112,1.118526923922163,0.643153621,1.163298734,1.0180704971019912,0.7482347970483336,14.718970922049772,14.718900376532227,14.693761897010036,0.001457319,14.824338276606667,0.001763662,14.306832910024768,2.870593685517348,3.225293019116936,3.381363616311009,3.2177936131646483,3.4285218114568505,3.3034370340997508,11.637840466661856,0.1571640549775904,13.795765389742478,0.006519031,0.0,0,0,0.0,0.0,0.0,0.0,0.0,1.00793,1.4971578392070253,58.389155729073984,0.849515128,0.7953730771449727,0.7784129093154316,44.77994600711941,24.229844706289786,1,0.0,0.0,0.0,0.003,104,4.4942386252808095,0,1.8819444444444449,0.039207176,12.535372795544005,10.567231668726755,12.393707501067816
4.597996691,0.0,5280.030056000005,17867.70155205473,713.3100820000018,125.56133530546968,15717.321824776634,208.32098765432104,51.27931760204087,165.4416810375438,7.268757944444456,1.2812381153619354,157.2713043,1.953417924096936,0.017948321,-11.67780563,-799.0169424,-0.005422475,1.4072886858360336,-4.05851041,0.5098747396044687,0.0004273409792616236,-5.769722999,-7.757446043,0.00529283,-0.035469744,0.1048072651817869,-0.01293615,0.068667687,-0.080715083,-0.137768998,-0.001123797,-0.124956611,-0.069824919,-0.06651248,0.900033568,0.6901480011921445,1.0860256778369448,0.5947838535069719,0.9507593418800416,0.999438287,1.0815726726999175,10.250598584618796,10.249211824921431,10.27376090329297,5.8298442776105744e-06,10.293242168409666,0.001374234,10.073788763978976,2.931599766388919,3.084579427790096,3.2414922316046426,3.0971302678854222,3.3139410399182148,2.8531109591980366,8.549399050334639,0.1783652499721205,12.878152823135094,0.0126014326982493,0.0,0,0,0.0,0.0,0.0,0.0,0.0,0.77944,1.3993523763718811,51.77603793,0.8844892941588118,0.6017476353105531,0.8390074624169804,42.714712566090505,23.333578639200848,0,0.0,0.0,0.0,0.09,56,3.951243718581428,0,1.4375,0.0422794117647058,11.79589896949422,10.027694355990317,0.0
5.513286224,0.0,2729.5170959999987,4109.185980801744,135.760896,10.911269476849002,2305.746923099149,199.95370370370367,142.61816307692305,171.21608253340602,8.760023167,0.8393284212960771,168.22516661303646,5.5219907407407405,0.0,320.9346374459834,-307.2322543,-0.378649028,1.155768072184162,0.0,-6.070833761,0.0,-11.12865428,-8.30357444,-0.024247708,-0.036289479,-0.067799508,-1.880022527,0.0,-0.199541711,-0.202102485,-0.099616971,-0.103552603,0.0,-0.356675582,1.251318430907219,1.0414437973579351,1.2442408843213135,1.2254499907633027,1.2238398919030944,0.5182371225613739,1.472956499259951,6.914453088930432,6.920861332148155,6.620144756951682,0.008864502,7.969907913093228,0.002606634,6.469732828188308,2.130427006272016,2.646692928006689,2.887464873437622,2.5931991393279064,2.913437147835072,3.723180390488589,6.710978178710155,0.1772418109448579,6.93059306,0.006823313,0.0,2,0,1.1187211304274796,0.0,0.0,0.0,0.0,1.0041,1.9526832779469117,37.10098228099132,0.9752201143824596,0.1052631578947345,0.8712434003252322,45.48932028417939,26.03910587721077,0,0.0,0.0,0.0,0.003,36,3.817712325956905,0,1.451388888888889,0.069113757,11.52393464098954,9.718422235,9.803035741852929
7.15490196,2.357264739229025,16990.54558100003,51142.03140631368,2006.7089959999976,364.4149518979614,41629.08437846875,561.6388888888886,58.44814766415107,207.89443661103124,7.729122195121945,1.3751507618790997,156.09886213370723,2.6852416440831037,-0.201356133,-821.6806106,260.3485260120365,-1.21451674,-5.405320575,-43.61420977,-2.582956344,-0.000977,1.043634344677054,1.2516756058270984,0.001317207,0.002216582,0.1693750445657447,-0.005684429,-0.072216784,0.0310499981804454,0.0249688286876512,-0.077448527,0.009653867,-0.137048149,-0.006956609,1.114781502372221,1.0472768637228942,0.9052898077043094,1.1648831395523975,1.0136075373884998,1.0723429621572054,0.7928756707879742,22.50933463385761,22.51232487299296,23.02956712026034,0.00970625,21.38415044365078,0.009305164,21.08089878111332,3.2171897078805536,3.5835831941973564,3.679744940694964,3.582758773433049,3.7109120965018048,3.600172888233533,16.32150033,0.1421951173298015,19.88423858585049,0.005232025,0.0,0,0,0.0,0.0,0.0,0.0,0.0,1.13893,1.5115199934408408,92.20271959989128,0.8942307653192241,0.6272895492867292,0.8365257515340417,44.95858644,25.481419152420223,2,4.714452358865576,0.2519763153394848,0.894427191,0.537,185,4.787491742782046,7,4.840277777777772,0.056944444,13.380801483048687,11.098394384848318,8.616323703192897
5.22863303,0.0,10901.027952,3558.103153985375,25.030944,6.10115595,481.9478577,48.90346364883401,80.543232,296.5085961654479,8.61093075,2.03371865,154.24920188935835,1.7090692158207592,0.0,-4920.799629,-129.4697978,-0.067745667,-4.257028291,0.0,-0.949652111,0.0,-70.13252246,-6.165228467,0.007985837,-0.101753923,0.4113088224136927,-0.025454485,0.0,-0.073045442,-0.148292519,-0.090692324,-0.15410016,0.0,-0.079239933,0.6824755409682955,1.7483709138484926,1.1107331125369346,1.3071778830981706,2.188048945083778,1.0342497238851176,1.0779271307310176,5.738583753051236,5.729444705308519,5.817762052921173,0.0117995037174696,5.782941021287526,0.0171575433075362,6.0848714446996,2.823566492,2.362133236732804,2.4144573667378912,2.542345813436138,2.4294330339081043,2.179988399711565,5.695079906,0.1821194861015238,12.380407913185309,0.0152209911470588,0.0,0,0,0.0,0.0,0.0,0.0,0.0,0.54773,1.7967916319816366,26.951874479724548,0.9658722633586913,0.1333333333333337,0.8591267203743844,111.91812844658848,51.57095586203245,0,0.0,0.0,0.0,0.416,37,3.743604353803183,0,1.3055555555555554,0.059343434,11.493977072711385,9.708019964072156,0.0
5.70863115,0.0,8015.415540000007,29564.30636069408,1248.1746599999997,242.40316550547075,26475.148310958404,304.27777777777777,45.414066895953766,194.5020155308821,7.308389000000004,1.401174367083646,152.17232929645462,2.312865497076023,0.0482084825307434,-211.1122054,430.2867487221132,-0.466520094,-6.082002317,-8.447721959,-2.131886734,0.0003371222554597446,1.9554261870707523,3.073476776586523,0.0007678746280906367,0.0121158546545285,0.3080180489528514,-0.016639735,0.054784823,0.061548549072129,0.056537571,-0.113361727,0.0496435153141928,-0.041985166,-0.060002775,0.9311892699422122,1.0262763733892746,0.9490178370711788,1.1579048054372172,0.9795705570346676,1.1283416977942635,1.0970680725120223,15.84489721576889,15.846000464121978,16.308315388682736,0.016084917,16.438490538315364,0.016252519,15.987251495417537,2.977203369963678,3.361698405447888,3.554967093976148,3.36254506,3.6319093632390738,3.327750349473486,11.55118947033477,0.1848974290979953,17.05968599817823,0.008163079,0.0,0,0,0.0,0.0,0.0,0.0,0.0,0.97839,1.2172254259126718,69.38184928,0.7795796019228918,1.285687938862182,0.7444026961792504,36.15433267637047,25.49504300860236,0,0.0,0.0,0.0,0.003,65,4.255612709818223,0,1.75,0.0426829268292682,11.821578599479407,10.047631185616188,3.0494057106471715
5.64685345,0.0,8015.415540000007,29564.30636069408,1248.17466,242.4031655054708,26475.148310958422,304.2777777777778,45.414066895953766,194.5020155308821,7.308389000000004,1.401174367083646,152.1723292964548,2.312865497076024,0.048208483,-211.1122054,430.28674872211343,-0.466520094,-6.082002317,-8.447721959,-2.131886734,0.0003371222554597445,1.9554261870707497,3.0734767765865243,0.0007678746280906366,0.0121158546545285,0.3080180489528523,-0.016639735,0.054784823,0.061548549,0.0565375714130812,-0.113361727,0.049643515,-0.041985166,-0.060002775,0.9311892699422124,1.0262763733892746,0.9490178370711788,1.157904805437218,0.979570557034668,1.1283416977942633,1.0970680725120223,15.844897215768889,15.846000464121978,16.30831538868274,0.016084917,16.438490538315364,0.0162525194601812,15.98725149541753,2.97720337,3.361698405447896,3.5549670939761477,3.362545060244918,3.631909363239079,3.327750349473485,11.55118947033477,0.1848974290979953,17.059685998178228,0.008163079,0.0,0,0,0.0,0.0,0.0,0.0,0.0,0.97839,1.2172254259126718,69.38184928,0.7795796019228918,1.285687938862182,0.7444026961792504,36.15433267637047,25.49504300860236,0,0.0,0.0,0.0,0.003,65,4.255612709818223,0,1.75,0.0426829268292682,11.821578599479407,10.047631185616188,3.049405711
4.574791949,0.0,7619.772226000016,23672.34562,982.5387020000009,186.1931519691115,21546.24232541057,264.7716049382716,52.74159843703706,155.73911591903092,7.195437203947377,1.3792085331045296,159.33083627397465,1.740316584,0.032358082,1074.8344270203756,-690.9652283,0.2095305555555569,4.889026208246472,-34.69427202,0.062254731,0.00025681017321860244,-3.70479152,-4.73263855,-0.00123955,-0.023665581,0.123775298776973,0.0179022751227979,0.051427445,-0.067206284,-0.082834749,0.072807345,-0.067735061,-0.173424563,0.096728758,0.7718488084746296,0.7269208696095867,1.0505166259328036,0.7973583782451078,0.7901734934462833,0.8479094679472962,0.8073419715957736,13.850241998082506,13.847290871787706,13.100865325071418,0.015435808836305,13.044134330904658,0.0137513414694638,13.33964686873108,3.0557464461179795,3.2014773324062435,3.352081804203564,3.242834338378226,3.4196178034879674,3.0098810828487443,10.7183795360839,0.1771707424871443,16.705359774419392,0.0156339933509471,0.0,0,0,0.0,0.0,0.0,0.0,0.0,0.65513,1.3890900762847826,70.84359389052392,0.9022976883179054,0.5542090687547114,0.8664823210069145,39.803752357626216,25.38994723749034,0,0.0,0.0,0.0,0.003,72,4.094344562,0,1.5,0.035714286,12.031713305986727,10.240566747777828,0.0
5.029188389,0.0,9670.146988000004,30953.343526649263,1267.30044,259.5834913157728,26415.3733,301.7633744855967,60.16280819075151,203.6404179,7.372197368421056,1.5004826087616925,151.98540446424687,2.283490361706736,-0.030258921,353.91102021052774,626.785607,-0.351203392,-3.438837259,-9.546674164,-2.535997992,-0.000212,4.071643495825094,4.47704005,-0.000978,0.0206671580606652,0.2977524304461411,-0.020592027,-0.031528405,0.08937267,0.081373828,-0.061725875,0.079889031,-0.048005694,-0.076630863,0.9117186502326606,0.8372223019293851,0.9094245739953648,1.0128406570347546,0.8868376860525817,1.1119907518017091,1.1102069643655217,16.48646433,16.487196378145125,16.969007250025495,0.0158456229443911,17.23808187435784,0.015959783,17.12090592919328,3.213895700132244,3.371673670809224,3.555346099306133,3.381958393756285,3.631979250419868,3.323443016171063,11.93161631446572,0.1842250078830761,17.90068619839246,0.008862752,0.0,0,0,0.0,0.0,0.0,0.0,0.0,0.97934,1.3273221108440167,75.65736031810896,0.787865608,1.2373565791751036,0.752314813,39.67832186,26.90310165204916,0,0.0,0.0,0.0,0.003,67,4.269697449699962,0,1.75,0.0416666666666666,11.851930206378125,10.06317999126972,3.0498577063552155
5.09366496,0.0,10775.272215894389,35641.316838131504,1749.593732000003,206.4215409821659,38653.07806810127,838.2777777777778,36.16466194681948,131.51777431044837,7.733097180811812,0.9093459955161494,166.12400140243454,3.231421689216892,-0.0809725,-934.1815404,-2757.332295,-2.874748696,5.819233995,8.237447051585763,49.31961662075295,-0.000757,-8.032904866,-11.44121284,0.0101441618985179,-0.047689526,0.05696074,-0.299529808,-0.034509204,-0.207914793,-0.233466323,-0.082851372,-0.207499276,0.045847345,-0.090370544,0.9834103806312896,1.086410995116121,1.2418939785035057,1.0693506694706203,1.0199935385756915,0.7589711482862898,1.054233444,15.866967856110447,15.866082186421826,15.807628160110529,0.001561033,15.780971406900877,0.00187344,15.96856775723645,3.0027836340711707,3.1931682941388093,3.338033788825883,3.2049787669002607,3.388774678017614,4.461655282018632,13.318344363242865,0.1562770802893437,16.060301226196906,0.0107431888885276,42.10226029642348,3,4,1.4749925936857755,1.39701426362492,16.777430634290752,2.701617182003476,16.777430634290752,0.75071,1.4880796509593042,81.84438080276173,0.9323538341083324,0.3910868182604936,0.905289751004856,41.076893,23.504475064086197,0,11.125685095016234,0.0,0.0,0.4219999999999998,116,4.143134726391533,0,5.798611111111109,0.082837302,13.06066880839849,11.012924377287383,15.06492699568797
5.083546051,0.0,6487.5358970000025,12439.916651565729,354.87180200000006,94.249551640849,6531.2810533275815,150.88271604938268,178.3397148636364,259.16493024095263,7.989545041666666,2.142035265,150.94806927848387,2.443780006858711,-0.028605702,-598.3718004,-115.4435258,0.00711112,-0.790522989,9.898732061,-1.451199512,-0.000894,-16.74661956,-2.13784307,0.002060736,0.0139508573241322,-0.430728498,0.068872345,-0.067087527,-0.158807314,-0.04366044,0.001579501,0.039971154,0.1981573318410623,0.1763605563312552,0.8991952115698097,1.133413997170401,0.9293919144601128,0.9270333328065696,1.063584202666075,1.1314554836709236,0.683793682,10.809719367811766,10.81059573,10.39198265,0.001387353,10.198316737560424,0.002171898,12.643178388131352,3.236545094860908,2.8599105656732324,3.016925038697804,2.9537098624821865,3.0786832859016977,2.8567177467558507,9.237691802334128,0.1836811793170614,13.868638360386589,0.008155511,0.0,0,0,0.0,0.0,0.0,0.0,0.0,0.9322,1.9539845481434943,58.61953644430483,0.9676992492528846,0.1584962500721154,0.8922319619646988,58.38766559666956,30.274358982263703,0,0.0,0.0,0.0,0.416,56,4.154969184038536,0,1.854166666666667,0.0561868686868686,11.789169876040956,9.998206649,3.134558549708704
4.641494089,0.0,7626.317360649613,23154.313641817585,973.4198700000002,166.98291589577232,20736.932823704967,383.3858024691358,65.89318588982317,159.6849216677075,7.477436441379318,1.294441208494359,164.24487479306043,2.4227330779054914,-0.06975535,569.3811827684152,-119.234754,1.7836867089497168,-7.810645053,-39.71503722,22.745846599256527,-0.000623,-2.018251825,-0.784439171,-0.001711959,-0.005785183,0.825382338,0.1144612830354461,-0.0550664,-0.040998867,-0.015217026,0.108734501,-0.019543278,-0.128102859,0.044647743,0.705536118,0.8510005212080684,1.031214789312878,0.5343914417530026,0.8899552259631566,1.0790341356195905,0.5465886322561037,15.42241948319987,15.417999642323725,16.26322357144129,0.017594473,15.889276688709243,0.01644117,15.19609403595764,3.082323372,3.283381115446024,3.453961013974989,3.290687187747395,3.523554183912772,3.7557664622313434,12.964685129003492,0.1764027827695349,16.691478429552365,0.011788931,0.0,0,0,0.0,0.0,13.295569077275598,0.0,13.295569077275598,0.84149,1.6276023931413104,84.63532444334814,0.832975857,0.9521110577755172,0.8006304090204073,40.49423849271844,32.67901990686621,0,1.540669567683089,0.0,0.0,0.003,76,4.189654742026425,0,1.75,0.038043478,12.15138940122333,10.375146061712408,0.0
5.393081474,0.0,6236.524770000016,21709.966435023453,903.907332,171.3409748832822,19161.69918573354,393.51929012345664,45.80594140322583,169.60911277362072,7.570832656250014,1.3817820555103404,158.41058077472144,2.929832175925925,0.6200278145502307,-806.2581943,1326.753412776827,-1.88224328,-7.530291154,3.4595157097054288,-4.626359749,0.004246766,8.645291258825747,8.615281901148228,-0.000918,0.0283018907488229,0.3345604620683861,-0.319643271,0.4305283177297716,0.1875692620969058,0.1590145137028842,-0.380413443,0.095442505,0.015653528,-0.263867608,1.5864943039371966,0.974701898,0.8039606941938688,2.3748258872332566,0.7748778195067408,1.2056814105113671,1.8659642737486144,11.648283943589036,11.648293983741588,11.66108996766068,0.005697173,11.667299054459422,0.005430546,11.92592590905504,2.825688528939743,3.2186200044501074,3.337557452399051,3.2576476393658758,3.392166784284725,3.4636220374173794,10.789630775230636,0.1782079472715836,14.92857313915001,0.008708874,10.678083722343532,1,1,0.4815046296296296,0.0,0.0,0.0,0.0,0.82545,1.4562195638120266,66.98609993535322,0.6199348166425634,2.0993135876149696,0.5978170254990335,32.229468971669114,35.62120990661337,0,4.205157689489642,0.0,0.0,0.5609999999999999,46,3.979681653901961,0,2.75,0.078571429,11.82273833477873,10.084349711593733,2.5579211626897966
6.045757491,0.0,5411.895034,20238.91786148125,843.8678720000004,153.33339824328206,18034.135342747093,393.9513888888888,41.35112156896556,168.6576488456771,7.571640400000013,1.3218396400282937,158.09898364726217,3.0412037037037023,0.6144404340342122,-945.15682,1510.9187134611457,-1.802312913,-6.548900221,-6.999052457,-0.299125654,0.004619853,8.212854172768491,10.27835859497378,-0.000484,0.033203113,0.4019743223006921,-0.330234561,0.4542088357638809,0.2499324243845687,0.1960830595641784,-0.382311482,0.1419024212709665,-0.036158461,-0.206582618,1.5359971890403117,1.2846296210111652,0.7837027993835137,2.3994322619092614,0.9516912474507798,1.2098045171535192,1.4476960993924233,11.491401419981512,11.491436792433111,11.463709191760769,0.005333219,11.610059759387118,0.004959192,10.796859800642869,2.815762631833364,3.202229377327374,3.3282683885923268,3.2127613704356714,3.384484709090508,3.4420608866230933,10.059807878236798,0.1802777778140486,13.573691594068752,0.008336151,10.582301114890402,1,1,0.5584722222222223,0.0,0.0,0.0,0.0,0.84686,1.3526334608420476,58.16323881620805,0.5775567433921488,2.2922889541927574,0.5524930892118366,28.869235529414944,35.46516063214006,0,4.065851364889782,0.0,0.0,0.384,44,3.9415818076696905,0,2.625,0.079545455,11.769031727387196,10.026722366870755,2.557693322228872
4.301029996,0.0,8185.454554000021,35799.63890023842,1802.9506120000017,260.28365770235433,41333.45545568784,557.3055555555559,28.61585012350607,125.1735625882462,7.164456084,1.0369866840731248,163.46715968084283,1.6960470085470094,-0.149072928,-85.25565284,-2136.41063,0.062792909,1.2979870220715417,-27.90663592,-1.136442223,-0.000776,-5.641048948,-8.031618911,-0.002402154,-0.02909643,0.037727261,-0.001971786,-0.096470168,-0.170049851,-0.1558828,0.004432937,-0.126474114,-0.107046951,-0.001931302,0.6460410370419594,0.9354182964136184,1.1731679325554296,0.5718460563601141,1.0015341038397354,0.9183900515552884,0.4980645765156464,23.857044777767303,23.89888294571503,20.217199654319344,0.0110509165038612,20.00475375384612,0.0102806050114673,22.199584225325072,3.131567731727025,3.4587933115511524,3.596745821498182,3.472584562677269,3.655351897376309,3.570411289,14.88247036827425,0.172641544,21.11290529,0.017152649,0.0,0,0,0.0,-0.093636033,0.0,0.0,0.0,0.54775,1.3253792487387042,100.72882290414152,0.8704627825703279,0.8093391447937721,0.8485343494942291,36.73297742735092,25.635024797167432,0,2.5532913065050677,0.1052631578947368,0.1428571428571428,0.09,104,4.255612709818223,0,3.208333333333332,0.054378531,12.53737798527142,10.636023701324444,7.855378489892782
5.101823517,0.0,6086.053736000002,13415.59725682097,446.2131660000002,96.27385049254696,8654.963628,223.17695473251035,104.77235862500004,235.3613553828241,8.117680771929829,1.7191759016526245,156.89534491141984,3.735091329145909,0.0134752967556248,-140.5308491,5.096409706760625,-0.064091974,0.2882091237178404,-4.936817526,0.4057269766617215,0.00028670844160904013,-4.806871416,0.080895392,-0.003293307,0.004940441,-0.348868259,-0.219806622,0.0173767469434574,-0.07096519,0.001750967,-0.011816394,0.0194394008959511,-0.067151995,-0.186617648,0.924059682,0.9564570479973804,0.9560624657531092,1.1082712600242492,0.9344970849261888,0.9385087233594436,1.836061398701012,14.233099295921384,14.227917326265423,14.544370370087194,0.002660139,18.5184241755156,0.0003320321192729425,13.573321965527104,3.123245360969586,3.1132683326391284,3.292338630178574,3.085430540714051,3.313738337520861,3.089071253866293,10.389117631973406,0.1950409149622099,13.752213301879268,0.005681505,0.0,0,0,0.0,0.3826869284642522,0.0,0.3826869284642522,0.0,1.07221,1.806554342418409,63.22940198464431,0.9999999999999994,2.664535259100376e-15,0.9234316263382446,52.61513470362516,26.965373574796413,0,0.0,0.1428571428571428,0.0,-0.008,52,4.197201947661808,0,1.25,0.036764706,11.542765780981112,9.911604520638075,5.688157002791135
6.342944147,1.2761824452003023,8524.097913425592,21955.398235218778,966.3599920000004,141.6298324261311,20467.76460613943,528.8055555555557,70.41372061536795,179.96228061654736,8.114631967,1.1901666590431184,169.79721671136625,4.284153005464481,0.008309621,-282.6597553,-684.1599754,-1.414099537,-0.447690629,7.912532767,-32.6238951,0.00013622330067139117,-2.186380058,-6.394018461,-0.013557529,-0.031211038,-0.072244299,-0.285280025,0.007210322,-0.056341264,-0.146678321,-0.071775837,-0.138850601,0.040744961,-0.078353718,1.0379542913051427,1.0573062105887214,1.133938936332147,1.0015170464768306,0.962143431,0.938127443194168,0.9985295444804078,13.457098094586216,13.451878961273254,13.770011638713438,0.001710266,14.66632461688632,0.001713021,12.965846593323048,2.78702434537534,3.245207531648598,3.400426000771231,3.232994142,3.4467836050268623,3.980022597998396,11.076697097585086,0.1796552975028769,13.143083926730986,0.006032278,11.294389644746788,0,1,0.0,0.0,13.271357954849115,0.0,14.379223670949862,1.12718,1.8580305038518192,72.46318965022095,0.9575274906938692,0.2244842949272705,0.8990224399504124,46.52322275206512,26.020917468357936,1,3.1473451902649443,0.0,1.3828831385677642,0.348,67,4.208417018481948,0,2.9097222222222223,0.070968835,12.076447897736188,10.241209008557773,2.5840588407775824
5.243668233,0.0,5361.562010000015,20056.970377363483,896.464748,151.76285734947018,19339.561859168327,308.00000000000006,43.33156348360659,147.4777233629668,7.207820882352952,1.243957847126805,160.78733336022634,2.1127450980392157,0.023502717,642.3513877063992,-798.5057386,0.3381197983999997,-1.390482694,-5.884380971,-2.493555556,0.0002196515618034317,-3.123909922,-5.958998049,-0.003478346,-0.024824102,0.0301883555170054,0.046238889,0.0352448021165267,-0.097723631,-0.110017827,0.083223855,-0.101949886,-0.038831413,0.057241303,0.9066993267173912,0.8360683198845057,1.0793485256001425,0.8539854751084242,0.8987891841202249,1.015294648025955,0.8620673961115518,13.43054818,13.429556539025036,13.129470068690658,0.004396419,13.25324282544448,0.003614949,12.953616779458637,2.913128483966814,3.3868812717983734,3.5117042830403977,3.3920969745109675,3.549099675654193,3.364583624691647,10.676217395892726,0.1929203898247455,14.982335728988604,0.0104339742819222,0.0,0,0,0.0,0.0,0.0,0.0,0.0,0.87809,1.2410895951011365,62.054479755056825,0.8188493336475173,1.022388309575275,0.7776956835439182,35.90999481896265,24.095090957990447,0,0.0,0.0,0.0,0.003,54,4.189654742026425,0,1.125,0.03125,11.597514744381648,9.954893340596028,2.5663191538932715
5.721475035,0.0,4070.263974000004,12740.357927265051,434.9217520000002,76.31824457569799,8721.547009,293.3333333333333,47.96209343859655,176.94941565645908,7.757458333,1.3389165715034734,157.85341528033737,3.5428240740740744,-0.03211208,-162.5240077,414.8895546327733,-0.20481,-5.336771746,13.889229931052617,18.044718424479168,-0.000917,4.927689637148006,4.559225875085421,-0.003312303,0.008157977,0.0198025890999599,-0.182999222,-0.066808495,0.1418270884657197,0.089212551,-0.032563789,0.033955513,0.290625625957838,-0.087718842,0.9873234715001352,1.0664651868595765,0.885255582,1.213838916724958,0.920258939,1.329203931209033,1.3964184877088008,8.853132158299696,8.853860562339744,9.608094968704515,0.009003817,8.970318738,0.010229449,8.723562535,2.596454796032019,2.9623538013424158,3.105807801138006,2.954812812370464,3.1433733039811864,3.1328944312043654,8.565121847452724,0.1689885156864013,10.44835951052319,0.007111491,0.0,0,0,0.0,0.0,0.0,0.0,0.0,0.79877,1.3543370204656968,43.33878465,0.8280639062229567,0.8596804688852169,0.7779735947752244,36.46278224756098,23.279417186688697,0,1.7854903269264255,0.447213595,0.0,0.003,58,3.901972669574645,0,2.0,0.060606061,11.992959867378117,10.170877627969896,8.204022680878897
